data_type,source_file,gpu_type,model,framework,framework_version,tp,dp,pp,block_size,max_batch_size,gpu_count,input_sequence_length,ttft_ms,kv_usage,context_length,max_kv_tokens,itl_ms,throughput_per_gpu
decode,/mnt/projects/dynamo/components/src/dynamo/planner/utils/pre_swept_results/h100_sxm/vllm/nvidia/Llama-3.3-70B-Instruct-FP8/decode.npz,h100_sxm,nvidia/Llama-3.3-70B-Instruct-FP8,vllm,0.10.1.1,8,1,1,128,128,8,,,0.0015615728161404165,350.0,224133,9.460163999999999,13.188018491254892
decode,/mnt/projects/dynamo/components/src/dynamo/planner/utils/pre_swept_results/h100_sxm/vllm/nvidia/Llama-3.3-70B-Instruct-FP8/decode.npz,h100_sxm,nvidia/Llama-3.3-70B-Instruct-FP8,vllm,0.10.1.1,8,1,1,128,128,8,,,0.07339392235859958,350.0,224133,12.84307614893617,444.5239210935707
decode,/mnt/projects/dynamo/components/src/dynamo/planner/utils/pre_swept_results/h100_sxm/vllm/nvidia/Llama-3.3-70B-Instruct-FP8/decode.npz,h100_sxm,nvidia/Llama-3.3-70B-Instruct-FP8,vllm,0.10.1.1,8,1,1,128,128,8,,,0.14522627190105875,350.0,224133,15.405575397849463,723.759549661957
decode,/mnt/projects/dynamo/components/src/dynamo/planner/utils/pre_swept_results/h100_sxm/vllm/nvidia/Llama-3.3-70B-Instruct-FP8/decode.npz,h100_sxm,nvidia/Llama-3.3-70B-Instruct-FP8,vllm,0.10.1.1,8,1,1,128,128,8,,,0.21705862144351792,350.0,224133,19.98199382733813,833.7174823810856
decode,/mnt/projects/dynamo/components/src/dynamo/planner/utils/pre_swept_results/h100_sxm/vllm/nvidia/Llama-3.3-70B-Instruct-FP8/decode.npz,h100_sxm,nvidia/Llama-3.3-70B-Instruct-FP8,vllm,0.10.1.1,8,1,1,128,128,8,,,0.2888909709859771,350.0,224133,22.028450102702703,1001.1002911329919
decode,/mnt/projects/dynamo/components/src/dynamo/planner/utils/pre_swept_results/h100_sxm/vllm/nvidia/Llama-3.3-70B-Instruct-FP8/decode.npz,h100_sxm,nvidia/Llama-3.3-70B-Instruct-FP8,vllm,0.10.1.1,8,1,1,128,128,8,,,0.36072332052843625,350.0,224133,22.74960651082251,1201.0312342478098
decode,/mnt/projects/dynamo/components/src/dynamo/planner/utils/pre_swept_results/h100_sxm/vllm/nvidia/Llama-3.3-70B-Instruct-FP8/decode.npz,h100_sxm,nvidia/Llama-3.3-70B-Instruct-FP8,vllm,0.10.1.1,8,1,1,128,128,8,,,0.4325556700708954,350.0,224133,28.651535451263538,1145.694431537137
decode,/mnt/projects/dynamo/components/src/dynamo/planner/utils/pre_swept_results/h100_sxm/vllm/nvidia/Llama-3.3-70B-Instruct-FP8/decode.npz,h100_sxm,nvidia/Llama-3.3-70B-Instruct-FP8,vllm,0.10.1.1,8,1,1,128,128,8,,,0.5043880196133546,350.0,224133,33.564557055727555,1144.5319690392623
decode,/mnt/projects/dynamo/components/src/dynamo/planner/utils/pre_swept_results/h100_sxm/vllm/nvidia/Llama-3.3-70B-Instruct-FP8/decode.npz,h100_sxm,nvidia/Llama-3.3-70B-Instruct-FP8,vllm,0.10.1.1,8,1,1,128,128,8,,,0.5762203691558138,350.0,224133,34.853465460704605,1253.8603779547961
decode,/mnt/projects/dynamo/components/src/dynamo/planner/utils/pre_swept_results/h100_sxm/vllm/nvidia/Llama-3.3-70B-Instruct-FP8/decode.npz,h100_sxm,nvidia/Llama-3.3-70B-Instruct-FP8,vllm,0.10.1.1,8,1,1,128,128,8,,,0.07437994405107681,16671.0,224133,10.568897999999999,10.457009009353088
decode,/mnt/projects/dynamo/components/src/dynamo/planner/utils/pre_swept_results/h100_sxm/vllm/nvidia/Llama-3.3-70B-Instruct-FP8/decode.npz,h100_sxm,nvidia/Llama-3.3-70B-Instruct-FP8,vllm,0.10.1.1,8,1,1,128,128,8,,,0.14875988810215363,16671.0,224133,11.3395675,18.297191273732402
decode,/mnt/projects/dynamo/components/src/dynamo/planner/utils/pre_swept_results/h100_sxm/vllm/nvidia/Llama-3.3-70B-Instruct-FP8/decode.npz,h100_sxm,nvidia/Llama-3.3-70B-Instruct-FP8,vllm,0.10.1.1,8,1,1,128,128,8,,,0.22313983215323044,16671.0,224133,12.345413666666666,24.255415698532275
decode,/mnt/projects/dynamo/components/src/dynamo/planner/utils/pre_swept_results/h100_sxm/vllm/nvidia/Llama-3.3-70B-Instruct-FP8/decode.npz,h100_sxm,nvidia/Llama-3.3-70B-Instruct-FP8,vllm,0.10.1.1,8,1,1,128,128,8,,,0.29751977620430725,16671.0,224133,13.20770975,29.355587876273514
decode,/mnt/projects/dynamo/components/src/dynamo/planner/utils/pre_swept_results/h100_sxm/vllm/nvidia/Llama-3.3-70B-Instruct-FP8/decode.npz,h100_sxm,nvidia/Llama-3.3-70B-Instruct-FP8,vllm,0.10.1.1,8,1,1,128,128,8,,,0.3718997202553841,16671.0,224133,14.127429999999999,33.48358920464747
decode,/mnt/projects/dynamo/components/src/dynamo/planner/utils/pre_swept_results/h100_sxm/vllm/nvidia/Llama-3.3-70B-Instruct-FP8/decode.npz,h100_sxm,nvidia/Llama-3.3-70B-Instruct-FP8,vllm,0.10.1.1,8,1,1,128,128,8,,,0.4462796643064609,16671.0,224133,15.047366666666665,36.969987702440605
decode,/mnt/projects/dynamo/components/src/dynamo/planner/utils/pre_swept_results/h100_sxm/vllm/nvidia/Llama-3.3-70B-Instruct-FP8/decode.npz,h100_sxm,nvidia/Llama-3.3-70B-Instruct-FP8,vllm,0.10.1.1,8,1,1,128,128,8,,,0.5206596083575377,16671.0,224133,15.780648428571428,40.286310517020276
decode,/mnt/projects/dynamo/components/src/dynamo/planner/utils/pre_swept_results/h100_sxm/vllm/nvidia/Llama-3.3-70B-Instruct-FP8/decode.npz,h100_sxm,nvidia/Llama-3.3-70B-Instruct-FP8,vllm,0.10.1.1,8,1,1,128,128,8,,,0.5950395524086145,16671.0,224133,16.676950124999998,42.8681335274059
decode,/mnt/projects/dynamo/components/src/dynamo/planner/utils/pre_swept_results/h100_sxm/vllm/nvidia/Llama-3.3-70B-Instruct-FP8/decode.npz,h100_sxm,nvidia/Llama-3.3-70B-Instruct-FP8,vllm,0.10.1.1,8,1,1,128,128,8,,,0.6694194964596913,16671.0,224133,18.708698444444444,43.18549857447283
decode,/mnt/projects/dynamo/components/src/dynamo/planner/utils/pre_swept_results/h100_sxm/vllm/nvidia/Llama-3.3-70B-Instruct-FP8/decode.npz,h100_sxm,nvidia/Llama-3.3-70B-Instruct-FP8,vllm,0.10.1.1,8,1,1,128,128,8,,,0.7437994405107682,16671.0,224133,19.559818899999996,45.276507796373544
decode,/mnt/projects/dynamo/components/src/dynamo/planner/utils/pre_swept_results/h100_sxm/vllm/nvidia/Llama-3.3-70B-Instruct-FP8/decode.npz,h100_sxm,nvidia/Llama-3.3-70B-Instruct-FP8,vllm,0.10.1.1,8,1,1,128,128,8,,,0.818179384561845,16671.0,224133,20.39905509090909,47.17077171278297
decode,/mnt/projects/dynamo/components/src/dynamo/planner/utils/pre_swept_results/h100_sxm/vllm/nvidia/Llama-3.3-70B-Instruct-FP8/decode.npz,h100_sxm,nvidia/Llama-3.3-70B-Instruct-FP8,vllm,0.10.1.1,8,1,1,128,128,8,,,0.8925593286129218,16671.0,224133,21.2588795,48.848943762949915
decode,/mnt/projects/dynamo/components/src/dynamo/planner/utils/pre_swept_results/h100_sxm/vllm/nvidia/Llama-3.3-70B-Instruct-FP8/decode.npz,h100_sxm,nvidia/Llama-3.3-70B-Instruct-FP8,vllm,0.10.1.1,8,1,1,128,128,8,,,0.1471983152860132,32992.0,224133,11.141097,8.636454893668404
decode,/mnt/projects/dynamo/components/src/dynamo/planner/utils/pre_swept_results/h100_sxm/vllm/nvidia/Llama-3.3-70B-Instruct-FP8/decode.npz,h100_sxm,nvidia/Llama-3.3-70B-Instruct-FP8,vllm,0.10.1.1,8,1,1,128,128,8,,,0.2943966305720264,32992.0,224133,13.1896575,13.508516127820489
decode,/mnt/projects/dynamo/components/src/dynamo/planner/utils/pre_swept_results/h100_sxm/vllm/nvidia/Llama-3.3-70B-Instruct-FP8/decode.npz,h100_sxm,nvidia/Llama-3.3-70B-Instruct-FP8,vllm,0.10.1.1,8,1,1,128,128,8,,,0.44159494585803966,32992.0,224133,15.366031,16.702321609100814
decode,/mnt/projects/dynamo/components/src/dynamo/planner/utils/pre_swept_results/h100_sxm/vllm/nvidia/Llama-3.3-70B-Instruct-FP8/decode.npz,h100_sxm,nvidia/Llama-3.3-70B-Instruct-FP8,vllm,0.10.1.1,8,1,1,128,128,8,,,0.5887932611440528,32992.0,224133,17.1221875,19.261983274665827
decode,/mnt/projects/dynamo/components/src/dynamo/planner/utils/pre_swept_results/h100_sxm/vllm/nvidia/Llama-3.3-70B-Instruct-FP8/decode.npz,h100_sxm,nvidia/Llama-3.3-70B-Instruct-FP8,vllm,0.10.1.1,8,1,1,128,128,8,,,0.7359915764300661,32992.0,224133,19.312267,20.905808919974046
decode,/mnt/projects/dynamo/components/src/dynamo/planner/utils/pre_swept_results/h100_sxm/vllm/nvidia/Llama-3.3-70B-Instruct-FP8/decode.npz,h100_sxm,nvidia/Llama-3.3-70B-Instruct-FP8,vllm,0.10.1.1,8,1,1,128,128,8,,,0.8831898917160793,32992.0,224133,21.338418833333332,22.263583389457565
decode,/mnt/projects/dynamo/components/src/dynamo/planner/utils/pre_swept_results/h100_sxm/vllm/nvidia/Llama-3.3-70B-Instruct-FP8/decode.npz,h100_sxm,nvidia/Llama-3.3-70B-Instruct-FP8,vllm,0.10.1.1,8,1,1,128,128,8,,,0.2200166865209496,49313.0,224133,11.63754,7.190939476392716
decode,/mnt/projects/dynamo/components/src/dynamo/planner/utils/pre_swept_results/h100_sxm/vllm/nvidia/Llama-3.3-70B-Instruct-FP8/decode.npz,h100_sxm,nvidia/Llama-3.3-70B-Instruct-FP8,vllm,0.10.1.1,8,1,1,128,128,8,,,0.4400333730418992,49313.0,224133,15.42291,10.318684330450063
decode,/mnt/projects/dynamo/components/src/dynamo/planner/utils/pre_swept_results/h100_sxm/vllm/nvidia/Llama-3.3-70B-Instruct-FP8/decode.npz,h100_sxm,nvidia/Llama-3.3-70B-Instruct-FP8,vllm,0.10.1.1,8,1,1,128,128,8,,,0.6600500595628488,49313.0,224133,18.897551,12.191982420696514
decode,/mnt/projects/dynamo/components/src/dynamo/planner/utils/pre_swept_results/h100_sxm/vllm/nvidia/Llama-3.3-70B-Instruct-FP8/decode.npz,h100_sxm,nvidia/Llama-3.3-70B-Instruct-FP8,vllm,0.10.1.1,8,1,1,128,128,8,,,0.8800667460837984,49313.0,224133,22.29839725,13.415152243993061
decode,/mnt/projects/dynamo/components/src/dynamo/planner/utils/pre_swept_results/h100_sxm/vllm/nvidia/Llama-3.3-70B-Instruct-FP8/decode.npz,h100_sxm,nvidia/Llama-3.3-70B-Instruct-FP8,vllm,0.10.1.1,8,1,1,128,128,8,,,0.29283505775588603,65634.0,224133,12.012891,5.973697610425482
decode,/mnt/projects/dynamo/components/src/dynamo/planner/utils/pre_swept_results/h100_sxm/vllm/nvidia/Llama-3.3-70B-Instruct-FP8/decode.npz,h100_sxm,nvidia/Llama-3.3-70B-Instruct-FP8,vllm,0.10.1.1,8,1,1,128,128,8,,,0.5856701155117721,65634.0,224133,17.550539999999998,8.031486461058766
decode,/mnt/projects/dynamo/components/src/dynamo/planner/utils/pre_swept_results/h100_sxm/vllm/nvidia/Llama-3.3-70B-Instruct-FP8/decode.npz,h100_sxm,nvidia/Llama-3.3-70B-Instruct-FP8,vllm,0.10.1.1,8,1,1,128,128,8,,,0.8785051732676581,65634.0,224133,22.835673333333332,9.105818726131691
decode,/mnt/projects/dynamo/components/src/dynamo/planner/utils/pre_swept_results/h100_sxm/vllm/nvidia/Llama-3.3-70B-Instruct-FP8/decode.npz,h100_sxm,nvidia/Llama-3.3-70B-Instruct-FP8,vllm,0.10.1.1,8,1,1,128,128,8,,,0.3656534289908224,81955.0,224133,12.222914,5.043683913613363
decode,/mnt/projects/dynamo/components/src/dynamo/planner/utils/pre_swept_results/h100_sxm/vllm/nvidia/Llama-3.3-70B-Instruct-FP8/decode.npz,h100_sxm,nvidia/Llama-3.3-70B-Instruct-FP8,vllm,0.10.1.1,8,1,1,128,128,8,,,0.7313068579816449,81955.0,224133,19.945062,6.371701919676585
decode,/mnt/projects/dynamo/components/src/dynamo/planner/utils/pre_swept_results/h100_sxm/vllm/nvidia/Llama-3.3-70B-Instruct-FP8/decode.npz,h100_sxm,nvidia/Llama-3.3-70B-Instruct-FP8,vllm,0.10.1.1,8,1,1,128,128,8,,,0.4384718002257588,98276.0,224133,12.526834,4.259604425846963
decode,/mnt/projects/dynamo/components/src/dynamo/planner/utils/pre_swept_results/h100_sxm/vllm/nvidia/Llama-3.3-70B-Instruct-FP8/decode.npz,h100_sxm,nvidia/Llama-3.3-70B-Instruct-FP8,vllm,0.10.1.1,8,1,1,128,128,8,,,0.8769436004515176,98276.0,224133,22.673229,5.1441494344175505
decode,/mnt/projects/dynamo/components/src/dynamo/planner/utils/pre_swept_results/h100_sxm/vllm/nvidia/Llama-3.3-70B-Instruct-FP8/decode.npz,h100_sxm,nvidia/Llama-3.3-70B-Instruct-FP8,vllm,0.10.1.1,8,1,1,128,128,8,,,0.5112901714606952,114597.0,224133,12.691158999999999,3.631799500403955
decode,/mnt/projects/dynamo/components/src/dynamo/planner/utils/pre_swept_results/h100_sxm/vllm/nvidia/Llama-3.3-70B-Instruct-FP8/decode.npz,h100_sxm,nvidia/Llama-3.3-70B-Instruct-FP8,vllm,0.10.1.1,4,1,1,128,128,8,,,0.0015615728161404165,350.0,224133,12.142679999999999,10.275967649121382
decode,/mnt/projects/dynamo/components/src/dynamo/planner/utils/pre_swept_results/h100_sxm/vllm/nvidia/Llama-3.3-70B-Instruct-FP8/decode.npz,h100_sxm,nvidia/Llama-3.3-70B-Instruct-FP8,vllm,0.10.1.1,4,1,1,128,128,8,,,0.07339392235859958,350.0,224133,16.196817340425532,351.61990492562404
decode,/mnt/projects/dynamo/components/src/dynamo/planner/utils/pre_swept_results/h100_sxm/vllm/nvidia/Llama-3.3-70B-Instruct-FP8/decode.npz,h100_sxm,nvidia/Llama-3.3-70B-Instruct-FP8,vllm,0.10.1.1,4,1,1,128,128,8,,,0.14522627190105875,350.0,224133,19.174792720430105,567.1415870688892
decode,/mnt/projects/dynamo/components/src/dynamo/planner/utils/pre_swept_results/h100_sxm/vllm/nvidia/Llama-3.3-70B-Instruct-FP8/decode.npz,h100_sxm,nvidia/Llama-3.3-70B-Instruct-FP8,vllm,0.10.1.1,4,1,1,128,128,8,,,0.21705862144351792,350.0,224133,25.01115090647482,661.2432982722371
decode,/mnt/projects/dynamo/components/src/dynamo/planner/utils/pre_swept_results/h100_sxm/vllm/nvidia/Llama-3.3-70B-Instruct-FP8/decode.npz,h100_sxm,nvidia/Llama-3.3-70B-Instruct-FP8,vllm,0.10.1.1,4,1,1,128,128,8,,,0.2888909709859771,350.0,224133,26.51271463243243,822.5631494684292
decode,/mnt/projects/dynamo/components/src/dynamo/planner/utils/pre_swept_results/h100_sxm/vllm/nvidia/Llama-3.3-70B-Instruct-FP8/decode.npz,h100_sxm,nvidia/Llama-3.3-70B-Instruct-FP8,vllm,0.10.1.1,4,1,1,128,128,8,,,0.36072332052843625,350.0,224133,27.092025857142858,994.4640831402717
decode,/mnt/projects/dynamo/components/src/dynamo/planner/utils/pre_swept_results/h100_sxm/vllm/nvidia/Llama-3.3-70B-Instruct-FP8/decode.npz,h100_sxm,nvidia/Llama-3.3-70B-Instruct-FP8,vllm,0.10.1.1,4,1,1,128,128,8,,,0.4325556700708954,350.0,224133,42.22079595306859,777.5713007642407
decode,/mnt/projects/dynamo/components/src/dynamo/planner/utils/pre_swept_results/h100_sxm/vllm/nvidia/Llama-3.3-70B-Instruct-FP8/decode.npz,h100_sxm,nvidia/Llama-3.3-70B-Instruct-FP8,vllm,0.10.1.1,4,1,1,128,128,8,,,0.5043880196133546,350.0,224133,43.541586250773996,875.2554411166819
decode,/mnt/projects/dynamo/components/src/dynamo/planner/utils/pre_swept_results/h100_sxm/vllm/nvidia/Llama-3.3-70B-Instruct-FP8/decode.npz,h100_sxm,nvidia/Llama-3.3-70B-Instruct-FP8,vllm,0.10.1.1,4,1,1,128,128,8,,,0.5762203691558138,350.0,224133,44.36765311653116,975.1573847014711
decode,/mnt/projects/dynamo/components/src/dynamo/planner/utils/pre_swept_results/h100_sxm/vllm/nvidia/Llama-3.3-70B-Instruct-FP8/decode.npz,h100_sxm,nvidia/Llama-3.3-70B-Instruct-FP8,vllm,0.10.1.1,4,1,1,128,128,8,,,0.07437994405107681,16671.0,224133,13.495503,7.940144579807038
decode,/mnt/projects/dynamo/components/src/dynamo/planner/utils/pre_swept_results/h100_sxm/vllm/nvidia/Llama-3.3-70B-Instruct-FP8/decode.npz,h100_sxm,nvidia/Llama-3.3-70B-Instruct-FP8,vllm,0.10.1.1,4,1,1,128,128,8,,,0.14875988810215363,16671.0,224133,15.400972999999999,13.02387449122062
decode,/mnt/projects/dynamo/components/src/dynamo/planner/utils/pre_swept_results/h100_sxm/vllm/nvidia/Llama-3.3-70B-Instruct-FP8/decode.npz,h100_sxm,nvidia/Llama-3.3-70B-Instruct-FP8,vllm,0.10.1.1,4,1,1,128,128,8,,,0.22313983215323044,16671.0,224133,16.730968333333333,17.192604234692052
decode,/mnt/projects/dynamo/components/src/dynamo/planner/utils/pre_swept_results/h100_sxm/vllm/nvidia/Llama-3.3-70B-Instruct-FP8/decode.npz,h100_sxm,nvidia/Llama-3.3-70B-Instruct-FP8,vllm,0.10.1.1,4,1,1,128,128,8,,,0.29751977620430725,16671.0,224133,18.04807125,20.54418062467056
decode,/mnt/projects/dynamo/components/src/dynamo/planner/utils/pre_swept_results/h100_sxm/vllm/nvidia/Llama-3.3-70B-Instruct-FP8/decode.npz,h100_sxm,nvidia/Llama-3.3-70B-Instruct-FP8,vllm,0.10.1.1,4,1,1,128,128,8,,,0.3718997202553841,16671.0,224133,19.571673,23.12169206028068
decode,/mnt/projects/dynamo/components/src/dynamo/planner/utils/pre_swept_results/h100_sxm/vllm/nvidia/Llama-3.3-70B-Instruct-FP8/decode.npz,h100_sxm,nvidia/Llama-3.3-70B-Instruct-FP8,vllm,0.10.1.1,4,1,1,128,128,8,,,0.4462796643064609,16671.0,224133,21.02610233333333,25.279008935366527
decode,/mnt/projects/dynamo/components/src/dynamo/planner/utils/pre_swept_results/h100_sxm/vllm/nvidia/Llama-3.3-70B-Instruct-FP8/decode.npz,h100_sxm,nvidia/Llama-3.3-70B-Instruct-FP8,vllm,0.10.1.1,4,1,1,128,128,8,,,0.5206596083575377,16671.0,224133,22.56924057142857,27.02959160595548
decode,/mnt/projects/dynamo/components/src/dynamo/planner/utils/pre_swept_results/h100_sxm/vllm/nvidia/Llama-3.3-70B-Instruct-FP8/decode.npz,h100_sxm,nvidia/Llama-3.3-70B-Instruct-FP8,vllm,0.10.1.1,4,1,1,128,128,8,,,0.5950395524086145,16671.0,224133,24.128939499999998,28.49633355173738
decode,/mnt/projects/dynamo/components/src/dynamo/planner/utils/pre_swept_results/h100_sxm/vllm/nvidia/Llama-3.3-70B-Instruct-FP8/decode.npz,h100_sxm,nvidia/Llama-3.3-70B-Instruct-FP8,vllm,0.10.1.1,4,1,1,128,128,8,,,0.6694194964596913,16671.0,224133,25.980328666666665,29.518358603859873
decode,/mnt/projects/dynamo/components/src/dynamo/planner/utils/pre_swept_results/h100_sxm/vllm/nvidia/Llama-3.3-70B-Instruct-FP8/decode.npz,h100_sxm,nvidia/Llama-3.3-70B-Instruct-FP8,vllm,0.10.1.1,4,1,1,128,128,8,,,0.7437994405107682,16671.0,224133,27.5182202,30.626644554943226
decode,/mnt/projects/dynamo/components/src/dynamo/planner/utils/pre_swept_results/h100_sxm/vllm/nvidia/Llama-3.3-70B-Instruct-FP8/decode.npz,h100_sxm,nvidia/Llama-3.3-70B-Instruct-FP8,vllm,0.10.1.1,4,1,1,128,128,8,,,0.818179384561845,16671.0,224133,29.065585818181816,31.5876929838087
decode,/mnt/projects/dynamo/components/src/dynamo/planner/utils/pre_swept_results/h100_sxm/vllm/nvidia/Llama-3.3-70B-Instruct-FP8/decode.npz,h100_sxm,nvidia/Llama-3.3-70B-Instruct-FP8,vllm,0.10.1.1,4,1,1,128,128,8,,,0.8925593286129218,16671.0,224133,30.669632666666665,32.39060439571745
decode,/mnt/projects/dynamo/components/src/dynamo/planner/utils/pre_swept_results/h100_sxm/vllm/nvidia/Llama-3.3-70B-Instruct-FP8/decode.npz,h100_sxm,nvidia/Llama-3.3-70B-Instruct-FP8,vllm,0.10.1.1,4,1,1,128,128,8,,,0.1471983152860132,32992.0,224133,14.303716,6.252406051773935
decode,/mnt/projects/dynamo/components/src/dynamo/planner/utils/pre_swept_results/h100_sxm/vllm/nvidia/Llama-3.3-70B-Instruct-FP8/decode.npz,h100_sxm,nvidia/Llama-3.3-70B-Instruct-FP8,vllm,0.10.1.1,4,1,1,128,128,8,,,0.2943966305720264,32992.0,224133,18.0035565,9.269457843855463
decode,/mnt/projects/dynamo/components/src/dynamo/planner/utils/pre_swept_results/h100_sxm/vllm/nvidia/Llama-3.3-70B-Instruct-FP8/decode.npz,h100_sxm,nvidia/Llama-3.3-70B-Instruct-FP8,vllm,0.10.1.1,4,1,1,128,128,8,,,0.44159494585803966,32992.0,224133,21.35384433333333,11.234414609181965
decode,/mnt/projects/dynamo/components/src/dynamo/planner/utils/pre_swept_results/h100_sxm/vllm/nvidia/Llama-3.3-70B-Instruct-FP8/decode.npz,h100_sxm,nvidia/Llama-3.3-70B-Instruct-FP8,vllm,0.10.1.1,4,1,1,128,128,8,,,0.5887932611440528,32992.0,224133,24.854467999999997,12.544510313969804
decode,/mnt/projects/dynamo/components/src/dynamo/planner/utils/pre_swept_results/h100_sxm/vllm/nvidia/Llama-3.3-70B-Instruct-FP8/decode.npz,h100_sxm,nvidia/Llama-3.3-70B-Instruct-FP8,vllm,0.10.1.1,4,1,1,128,128,8,,,0.7359915764300661,32992.0,224133,28.614470999999998,13.405496080779761
decode,/mnt/projects/dynamo/components/src/dynamo/planner/utils/pre_swept_results/h100_sxm/vllm/nvidia/Llama-3.3-70B-Instruct-FP8/decode.npz,h100_sxm,nvidia/Llama-3.3-70B-Instruct-FP8,vllm,0.10.1.1,4,1,1,128,128,8,,,0.8831898917160793,32992.0,224133,32.29935283333333,14.077561227291605
decode,/mnt/projects/dynamo/components/src/dynamo/planner/utils/pre_swept_results/h100_sxm/vllm/nvidia/Llama-3.3-70B-Instruct-FP8/decode.npz,h100_sxm,nvidia/Llama-3.3-70B-Instruct-FP8,vllm,0.10.1.1,4,1,1,128,128,8,,,0.2200166865209496,49313.0,224133,14.940779,4.9825581941802435
decode,/mnt/projects/dynamo/components/src/dynamo/planner/utils/pre_swept_results/h100_sxm/vllm/nvidia/Llama-3.3-70B-Instruct-FP8/decode.npz,h100_sxm,nvidia/Llama-3.3-70B-Instruct-FP8,vllm,0.10.1.1,4,1,1,128,128,8,,,0.4400333730418992,49313.0,224133,21.580675,6.7608424345769995
decode,/mnt/projects/dynamo/components/src/dynamo/planner/utils/pre_swept_results/h100_sxm/vllm/nvidia/Llama-3.3-70B-Instruct-FP8/decode.npz,h100_sxm,nvidia/Llama-3.3-70B-Instruct-FP8,vllm,0.10.1.1,4,1,1,128,128,8,,,0.6600500595628488,49313.0,224133,27.906695,7.715524835261068
decode,/mnt/projects/dynamo/components/src/dynamo/planner/utils/pre_swept_results/h100_sxm/vllm/nvidia/Llama-3.3-70B-Instruct-FP8/decode.npz,h100_sxm,nvidia/Llama-3.3-70B-Instruct-FP8,vllm,0.10.1.1,4,1,1,128,128,8,,,0.8800667460837984,49313.0,224133,34.29985575,8.289571759811865
decode,/mnt/projects/dynamo/components/src/dynamo/planner/utils/pre_swept_results/h100_sxm/vllm/nvidia/Llama-3.3-70B-Instruct-FP8/decode.npz,h100_sxm,nvidia/Llama-3.3-70B-Instruct-FP8,vllm,0.10.1.1,4,1,1,128,128,8,,,0.29283505775588603,65634.0,224133,15.478252999999999,3.9852640327653197
decode,/mnt/projects/dynamo/components/src/dynamo/planner/utils/pre_swept_results/h100_sxm/vllm/nvidia/Llama-3.3-70B-Instruct-FP8/decode.npz,h100_sxm,nvidia/Llama-3.3-70B-Instruct-FP8,vllm,0.10.1.1,4,1,1,128,128,8,,,0.5856701155117721,65634.0,224133,25.383692999999997,5.042400095160644
decode,/mnt/projects/dynamo/components/src/dynamo/planner/utils/pre_swept_results/h100_sxm/vllm/nvidia/Llama-3.3-70B-Instruct-FP8/decode.npz,h100_sxm,nvidia/Llama-3.3-70B-Instruct-FP8,vllm,0.10.1.1,4,1,1,128,128,8,,,0.8785051732676581,65634.0,224133,35.15612,5.5405208199714995
decode,/mnt/projects/dynamo/components/src/dynamo/planner/utils/pre_swept_results/h100_sxm/vllm/nvidia/Llama-3.3-70B-Instruct-FP8/decode.npz,h100_sxm,nvidia/Llama-3.3-70B-Instruct-FP8,vllm,0.10.1.1,4,1,1,128,128,8,,,0.3656534289908224,81955.0,224133,15.885812,3.22397797420342
decode,/mnt/projects/dynamo/components/src/dynamo/planner/utils/pre_swept_results/h100_sxm/vllm/nvidia/Llama-3.3-70B-Instruct-FP8/decode.npz,h100_sxm,nvidia/Llama-3.3-70B-Instruct-FP8,vllm,0.10.1.1,4,1,1,128,128,8,,,0.7313068579816449,81955.0,224133,29.831511,3.8654213419528713
decode,/mnt/projects/dynamo/components/src/dynamo/planner/utils/pre_swept_results/h100_sxm/vllm/nvidia/Llama-3.3-70B-Instruct-FP8/decode.npz,h100_sxm,nvidia/Llama-3.3-70B-Instruct-FP8,vllm,0.10.1.1,4,1,1,128,128,8,,,0.4384718002257588,98276.0,224133,16.288899,2.6462732917117457
decode,/mnt/projects/dynamo/components/src/dynamo/planner/utils/pre_swept_results/h100_sxm/vllm/nvidia/Llama-3.3-70B-Instruct-FP8/decode.npz,h100_sxm,nvidia/Llama-3.3-70B-Instruct-FP8,vllm,0.10.1.1,4,1,1,128,128,8,,,0.8769436004515176,98276.0,224133,34.875778499999996,3.0453227991390146
decode,/mnt/projects/dynamo/components/src/dynamo/planner/utils/pre_swept_results/h100_sxm/vllm/nvidia/Llama-3.3-70B-Instruct-FP8/decode.npz,h100_sxm,nvidia/Llama-3.3-70B-Instruct-FP8,vllm,0.10.1.1,4,1,1,128,128,8,,,0.5112901714606952,114597.0,224133,16.708168999999998,2.193489877681478
decode,/mnt/projects/dynamo/components/src/dynamo/planner/utils/pre_swept_results/h100_sxm/vllm/nvidia/Llama-3.3-70B-Instruct-FP8/decode.npz,h100_sxm,nvidia/Llama-3.3-70B-Instruct-FP8,vllm,0.10.1.1,2,1,1,128,128,8,,,0.0015615728161404165,350.0,224133,17.586299999999998,7.096437353114377
decode,/mnt/projects/dynamo/components/src/dynamo/planner/utils/pre_swept_results/h100_sxm/vllm/nvidia/Llama-3.3-70B-Instruct-FP8/decode.npz,h100_sxm,nvidia/Llama-3.3-70B-Instruct-FP8,vllm,0.10.1.1,2,1,1,128,128,8,,,0.07339392235859958,350.0,224133,21.814789872340423,259.55885365632173
decode,/mnt/projects/dynamo/components/src/dynamo/planner/utils/pre_swept_results/h100_sxm/vllm/nvidia/Llama-3.3-70B-Instruct-FP8/decode.npz,h100_sxm,nvidia/Llama-3.3-70B-Instruct-FP8,vllm,0.10.1.1,2,1,1,128,128,8,,,0.14522627190105875,350.0,224133,25.243589150537634,432.1707099578267
decode,/mnt/projects/dynamo/components/src/dynamo/planner/utils/pre_swept_results/h100_sxm/vllm/nvidia/Llama-3.3-70B-Instruct-FP8/decode.npz,h100_sxm,nvidia/Llama-3.3-70B-Instruct-FP8,vllm,0.10.1.1,2,1,1,128,128,8,,,0.21705862144351792,350.0,224133,35.73833670503597,458.3971409626658
decode,/mnt/projects/dynamo/components/src/dynamo/planner/utils/pre_swept_results/h100_sxm/vllm/nvidia/Llama-3.3-70B-Instruct-FP8/decode.npz,h100_sxm,nvidia/Llama-3.3-70B-Instruct-FP8,vllm,0.10.1.1,2,1,1,128,128,8,,,0.2888909709859771,350.0,224133,35.509232010810805,604.9347300787563
decode,/mnt/projects/dynamo/components/src/dynamo/planner/utils/pre_swept_results/h100_sxm/vllm/nvidia/Llama-3.3-70B-Instruct-FP8/decode.npz,h100_sxm,nvidia/Llama-3.3-70B-Instruct-FP8,vllm,0.10.1.1,2,1,1,128,128,8,,,0.36072332052843625,350.0,224133,36.99464816883117,715.529317865037
decode,/mnt/projects/dynamo/components/src/dynamo/planner/utils/pre_swept_results/h100_sxm/vllm/nvidia/Llama-3.3-70B-Instruct-FP8/decode.npz,h100_sxm,nvidia/Llama-3.3-70B-Instruct-FP8,vllm,0.10.1.1,2,1,1,128,128,8,,,0.4325556700708954,350.0,224133,59.652604480144404,545.0296165311954
decode,/mnt/projects/dynamo/components/src/dynamo/planner/utils/pre_swept_results/h100_sxm/vllm/nvidia/Llama-3.3-70B-Instruct-FP8/decode.npz,h100_sxm,nvidia/Llama-3.3-70B-Instruct-FP8,vllm,0.10.1.1,2,1,1,128,128,8,,,0.5043880196133546,350.0,224133,61.15511206501548,615.5643479839667
decode,/mnt/projects/dynamo/components/src/dynamo/planner/utils/pre_swept_results/h100_sxm/vllm/nvidia/Llama-3.3-70B-Instruct-FP8/decode.npz,h100_sxm,nvidia/Llama-3.3-70B-Instruct-FP8,vllm,0.10.1.1,2,1,1,128,128,8,,,0.5762203691558138,350.0,224133,67.54004752845529,591.8099614953406
decode,/mnt/projects/dynamo/components/src/dynamo/planner/utils/pre_swept_results/h100_sxm/vllm/nvidia/Llama-3.3-70B-Instruct-FP8/decode.npz,h100_sxm,nvidia/Llama-3.3-70B-Instruct-FP8,vllm,0.10.1.1,2,1,1,128,128,8,,,0.07437994405107681,16671.0,224133,19.447101,5.356376779793788
decode,/mnt/projects/dynamo/components/src/dynamo/planner/utils/pre_swept_results/h100_sxm/vllm/nvidia/Llama-3.3-70B-Instruct-FP8/decode.npz,h100_sxm,nvidia/Llama-3.3-70B-Instruct-FP8,vllm,0.10.1.1,2,1,1,128,128,8,,,0.14875988810215363,16671.0,224133,21.918353,8.761193217759178
decode,/mnt/projects/dynamo/components/src/dynamo/planner/utils/pre_swept_results/h100_sxm/vllm/nvidia/Llama-3.3-70B-Instruct-FP8/decode.npz,h100_sxm,nvidia/Llama-3.3-70B-Instruct-FP8,vllm,0.10.1.1,2,1,1,128,128,8,,,0.22313983215323044,16671.0,224133,24.43537233333333,11.273593921156605
decode,/mnt/projects/dynamo/components/src/dynamo/planner/utils/pre_swept_results/h100_sxm/vllm/nvidia/Llama-3.3-70B-Instruct-FP8/decode.npz,h100_sxm,nvidia/Llama-3.3-70B-Instruct-FP8,vllm,0.10.1.1,2,1,1,128,128,8,,,0.29751977620430725,16671.0,224133,27.097181499999998,13.140226625950499
decode,/mnt/projects/dynamo/components/src/dynamo/planner/utils/pre_swept_results/h100_sxm/vllm/nvidia/Llama-3.3-70B-Instruct-FP8/decode.npz,h100_sxm,nvidia/Llama-3.3-70B-Instruct-FP8,vllm,0.10.1.1,2,1,1,128,128,8,,,0.3718997202553841,16671.0,224133,29.926917999999997,14.550075512615217
decode,/mnt/projects/dynamo/components/src/dynamo/planner/utils/pre_swept_results/h100_sxm/vllm/nvidia/Llama-3.3-70B-Instruct-FP8/decode.npz,h100_sxm,nvidia/Llama-3.3-70B-Instruct-FP8,vllm,0.10.1.1,2,1,1,128,128,8,,,0.4462796643064609,16671.0,224133,32.71264216666667,15.697263790415718
decode,/mnt/projects/dynamo/components/src/dynamo/planner/utils/pre_swept_results/h100_sxm/vllm/nvidia/Llama-3.3-70B-Instruct-FP8/decode.npz,h100_sxm,nvidia/Llama-3.3-70B-Instruct-FP8,vllm,0.10.1.1,2,1,1,128,128,8,,,0.5206596083575377,16671.0,224133,35.53664785714286,16.609581948785053
decode,/mnt/projects/dynamo/components/src/dynamo/planner/utils/pre_swept_results/h100_sxm/vllm/nvidia/Llama-3.3-70B-Instruct-FP8/decode.npz,h100_sxm,nvidia/Llama-3.3-70B-Instruct-FP8,vllm,0.10.1.1,2,1,1,128,128,8,,,0.5950395524086145,16671.0,224133,38.338484125,17.391873667787443
decode,/mnt/projects/dynamo/components/src/dynamo/planner/utils/pre_swept_results/h100_sxm/vllm/nvidia/Llama-3.3-70B-Instruct-FP8/decode.npz,h100_sxm,nvidia/Llama-3.3-70B-Instruct-FP8,vllm,0.10.1.1,2,1,1,128,128,8,,,0.6694194964596913,16671.0,224133,41.40846455555555,17.95602621773521
decode,/mnt/projects/dynamo/components/src/dynamo/planner/utils/pre_swept_results/h100_sxm/vllm/nvidia/Llama-3.3-70B-Instruct-FP8/decode.npz,h100_sxm,nvidia/Llama-3.3-70B-Instruct-FP8,vllm,0.10.1.1,2,1,1,128,128,8,,,0.7437994405107682,16671.0,224133,44.3713554,18.444952595112895
decode,/mnt/projects/dynamo/components/src/dynamo/planner/utils/pre_swept_results/h100_sxm/vllm/nvidia/Llama-3.3-70B-Instruct-FP8/decode.npz,h100_sxm,nvidia/Llama-3.3-70B-Instruct-FP8,vllm,0.10.1.1,2,1,1,128,128,8,,,0.818179384561845,16671.0,224133,47.155532,18.955207188902254
decode,/mnt/projects/dynamo/components/src/dynamo/planner/utils/pre_swept_results/h100_sxm/vllm/nvidia/Llama-3.3-70B-Instruct-FP8/decode.npz,h100_sxm,nvidia/Llama-3.3-70B-Instruct-FP8,vllm,0.10.1.1,2,1,1,128,128,8,,,0.8925593286129218,16671.0,224133,50.19230391666666,19.304971872972832
decode,/mnt/projects/dynamo/components/src/dynamo/planner/utils/pre_swept_results/h100_sxm/vllm/nvidia/Llama-3.3-70B-Instruct-FP8/decode.npz,h100_sxm,nvidia/Llama-3.3-70B-Instruct-FP8,vllm,0.10.1.1,2,1,1,128,128,8,,,0.1471983152860132,32992.0,224133,20.381102,4.094388426138997
decode,/mnt/projects/dynamo/components/src/dynamo/planner/utils/pre_swept_results/h100_sxm/vllm/nvidia/Llama-3.3-70B-Instruct-FP8/decode.npz,h100_sxm,nvidia/Llama-3.3-70B-Instruct-FP8,vllm,0.10.1.1,2,1,1,128,128,8,,,0.2943966305720264,32992.0,224133,26.693139499999997,5.848589168967526
decode,/mnt/projects/dynamo/components/src/dynamo/planner/utils/pre_swept_results/h100_sxm/vllm/nvidia/Llama-3.3-70B-Instruct-FP8/decode.npz,h100_sxm,nvidia/Llama-3.3-70B-Instruct-FP8,vllm,0.10.1.1,2,1,1,128,128,8,,,0.44159494585803966,32992.0,224133,33.19682666666667,6.859435283627839
decode,/mnt/projects/dynamo/components/src/dynamo/planner/utils/pre_swept_results/h100_sxm/vllm/nvidia/Llama-3.3-70B-Instruct-FP8/decode.npz,h100_sxm,nvidia/Llama-3.3-70B-Instruct-FP8,vllm,0.10.1.1,2,1,1,128,128,8,,,0.5887932611440528,32992.0,224133,39.875626749999995,7.4947719636909405
decode,/mnt/projects/dynamo/components/src/dynamo/planner/utils/pre_swept_results/h100_sxm/vllm/nvidia/Llama-3.3-70B-Instruct-FP8/decode.npz,h100_sxm,nvidia/Llama-3.3-70B-Instruct-FP8,vllm,0.10.1.1,2,1,1,128,128,8,,,0.7359915764300661,32992.0,224133,46.7938018,7.907469250225088
decode,/mnt/projects/dynamo/components/src/dynamo/planner/utils/pre_swept_results/h100_sxm/vllm/nvidia/Llama-3.3-70B-Instruct-FP8/decode.npz,h100_sxm,nvidia/Llama-3.3-70B-Instruct-FP8,vllm,0.10.1.1,2,1,1,128,128,8,,,0.8831898917160793,32992.0,224133,53.583526,8.2258858548995
decode,/mnt/projects/dynamo/components/src/dynamo/planner/utils/pre_swept_results/h100_sxm/vllm/nvidia/Llama-3.3-70B-Instruct-FP8/decode.npz,h100_sxm,nvidia/Llama-3.3-70B-Instruct-FP8,vllm,0.10.1.1,2,1,1,128,128,8,,,0.2200166865209496,49313.0,224133,21.189854999999998,3.1369866226540615
decode,/mnt/projects/dynamo/components/src/dynamo/planner/utils/pre_swept_results/h100_sxm/vllm/nvidia/Llama-3.3-70B-Instruct-FP8/decode.npz,h100_sxm,nvidia/Llama-3.3-70B-Instruct-FP8,vllm,0.10.1.1,2,1,1,128,128,8,,,0.4400333730418992,49313.0,224133,33.507101999999996,4.053766517626286
decode,/mnt/projects/dynamo/components/src/dynamo/planner/utils/pre_swept_results/h100_sxm/vllm/nvidia/Llama-3.3-70B-Instruct-FP8/decode.npz,h100_sxm,nvidia/Llama-3.3-70B-Instruct-FP8,vllm,0.10.1.1,2,1,1,128,128,8,,,0.6600500595628488,49313.0,224133,45.575306999999995,4.493349951497012
decode,/mnt/projects/dynamo/components/src/dynamo/planner/utils/pre_swept_results/h100_sxm/vllm/nvidia/Llama-3.3-70B-Instruct-FP8/decode.npz,h100_sxm,nvidia/Llama-3.3-70B-Instruct-FP8,vllm,0.10.1.1,2,1,1,128,128,8,,,0.8800667460837984,49313.0,224133,57.588181,4.75387809102706
decode,/mnt/projects/dynamo/components/src/dynamo/planner/utils/pre_swept_results/h100_sxm/vllm/nvidia/Llama-3.3-70B-Instruct-FP8/decode.npz,h100_sxm,nvidia/Llama-3.3-70B-Instruct-FP8,vllm,0.10.1.1,2,1,1,128,128,8,,,0.29283505775588603,65634.0,224133,21.937554,2.42497937716867
decode,/mnt/projects/dynamo/components/src/dynamo/planner/utils/pre_swept_results/h100_sxm/vllm/nvidia/Llama-3.3-70B-Instruct-FP8/decode.npz,h100_sxm,nvidia/Llama-3.3-70B-Instruct-FP8,vllm,0.10.1.1,2,1,1,128,128,8,,,0.5856701155117721,65634.0,224133,40.7345135,2.9216131512373518
decode,/mnt/projects/dynamo/components/src/dynamo/planner/utils/pre_swept_results/h100_sxm/vllm/nvidia/Llama-3.3-70B-Instruct-FP8/decode.npz,h100_sxm,nvidia/Llama-3.3-70B-Instruct-FP8,vllm,0.10.1.1,2,1,1,128,128,8,,,0.8785051732676581,65634.0,224133,59.28342833333333,3.137893766415925
decode,/mnt/projects/dynamo/components/src/dynamo/planner/utils/pre_swept_results/h100_sxm/vllm/nvidia/Llama-3.3-70B-Instruct-FP8/decode.npz,h100_sxm,nvidia/Llama-3.3-70B-Instruct-FP8,vllm,0.10.1.1,2,1,1,128,128,8,,,0.3656534289908224,81955.0,224133,22.895687,1.8936118112854419
decode,/mnt/projects/dynamo/components/src/dynamo/planner/utils/pre_swept_results/h100_sxm/vllm/nvidia/Llama-3.3-70B-Instruct-FP8/decode.npz,h100_sxm,nvidia/Llama-3.3-70B-Instruct-FP8,vllm,0.10.1.1,2,1,1,128,128,8,,,0.7313068579816449,81955.0,224133,49.334456499999995,2.18343084278162
decode,/mnt/projects/dynamo/components/src/dynamo/planner/utils/pre_swept_results/h100_sxm/vllm/nvidia/Llama-3.3-70B-Instruct-FP8/decode.npz,h100_sxm,nvidia/Llama-3.3-70B-Instruct-FP8,vllm,0.10.1.1,2,1,1,128,128,8,,,0.4384718002257588,98276.0,224133,23.644202999999997,1.515023891607128
decode,/mnt/projects/dynamo/components/src/dynamo/planner/utils/pre_swept_results/h100_sxm/vllm/nvidia/Llama-3.3-70B-Instruct-FP8/decode.npz,h100_sxm,nvidia/Llama-3.3-70B-Instruct-FP8,vllm,0.10.1.1,2,1,1,128,128,8,,,0.8769436004515176,98276.0,224133,58.999286999999995,1.6887847494122823
decode,/mnt/projects/dynamo/components/src/dynamo/planner/utils/pre_swept_results/h100_sxm/vllm/nvidia/Llama-3.3-70B-Instruct-FP8/decode.npz,h100_sxm,nvidia/Llama-3.3-70B-Instruct-FP8,vllm,0.10.1.1,2,1,1,128,128,8,,,0.5112901714606952,114597.0,224133,24.540374,1.2353371018048405
prefill,/mnt/projects/dynamo/components/src/dynamo/planner/utils/pre_swept_results/h100_sxm/vllm/nvidia/Llama-3.3-70B-Instruct-FP8/prefill.npz,h100_sxm,nvidia/Llama-3.3-70B-Instruct-FP8,vllm,0.10.1.1,8,1,1,128,128,8,100,18.981451,,,,,658.5376428809368
prefill,/mnt/projects/dynamo/components/src/dynamo/planner/utils/pre_swept_results/h100_sxm/vllm/nvidia/Llama-3.3-70B-Instruct-FP8/prefill.npz,h100_sxm,nvidia/Llama-3.3-70B-Instruct-FP8,vllm,0.10.1.1,8,1,1,128,128,8,2135,95.20127199999999,,,,,2803.271368054831
prefill,/mnt/projects/dynamo/components/src/dynamo/planner/utils/pre_swept_results/h100_sxm/vllm/nvidia/Llama-3.3-70B-Instruct-FP8/prefill.npz,h100_sxm,nvidia/Llama-3.3-70B-Instruct-FP8,vllm,0.10.1.1,8,1,1,128,128,8,4170,162.32177099999998,,,,,3211.214347827686
prefill,/mnt/projects/dynamo/components/src/dynamo/planner/utils/pre_swept_results/h100_sxm/vllm/nvidia/Llama-3.3-70B-Instruct-FP8/prefill.npz,h100_sxm,nvidia/Llama-3.3-70B-Instruct-FP8,vllm,0.10.1.1,8,1,1,128,128,8,6205,498.235927,,,,,1556.742414522829
prefill,/mnt/projects/dynamo/components/src/dynamo/planner/utils/pre_swept_results/h100_sxm/vllm/nvidia/Llama-3.3-70B-Instruct-FP8/prefill.npz,h100_sxm,nvidia/Llama-3.3-70B-Instruct-FP8,vllm,0.10.1.1,8,1,1,128,128,8,8240,320.96509499999996,,,,,3209.071690490208
prefill,/mnt/projects/dynamo/components/src/dynamo/planner/utils/pre_swept_results/h100_sxm/vllm/nvidia/Llama-3.3-70B-Instruct-FP8/prefill.npz,h100_sxm,nvidia/Llama-3.3-70B-Instruct-FP8,vllm,0.10.1.1,8,1,1,128,128,8,10275,416.433654,,,,,3084.2247922642678
prefill,/mnt/projects/dynamo/components/src/dynamo/planner/utils/pre_swept_results/h100_sxm/vllm/nvidia/Llama-3.3-70B-Instruct-FP8/prefill.npz,h100_sxm,nvidia/Llama-3.3-70B-Instruct-FP8,vllm,0.10.1.1,8,1,1,128,128,8,12310,494.66087799999997,,,,,3110.716995088502
prefill,/mnt/projects/dynamo/components/src/dynamo/planner/utils/pre_swept_results/h100_sxm/vllm/nvidia/Llama-3.3-70B-Instruct-FP8/prefill.npz,h100_sxm,nvidia/Llama-3.3-70B-Instruct-FP8,vllm,0.10.1.1,8,1,1,128,128,8,14345,584.332802,,,,,3068.6707880554686
prefill,/mnt/projects/dynamo/components/src/dynamo/planner/utils/pre_swept_results/h100_sxm/vllm/nvidia/Llama-3.3-70B-Instruct-FP8/prefill.npz,h100_sxm,nvidia/Llama-3.3-70B-Instruct-FP8,vllm,0.10.1.1,8,1,1,128,128,8,16380,703.830652,,,,,2909.0804644296736
prefill,/mnt/projects/dynamo/components/src/dynamo/planner/utils/pre_swept_results/h100_sxm/vllm/nvidia/Llama-3.3-70B-Instruct-FP8/prefill.npz,h100_sxm,nvidia/Llama-3.3-70B-Instruct-FP8,vllm,0.10.1.1,4,1,1,128,128,8,100,23.423057999999997,,,,,533.6621716942341
prefill,/mnt/projects/dynamo/components/src/dynamo/planner/utils/pre_swept_results/h100_sxm/vllm/nvidia/Llama-3.3-70B-Instruct-FP8/prefill.npz,h100_sxm,nvidia/Llama-3.3-70B-Instruct-FP8,vllm,0.10.1.1,4,1,1,128,128,8,2135,132.464967,,,,,2014.6836257468738
prefill,/mnt/projects/dynamo/components/src/dynamo/planner/utils/pre_swept_results/h100_sxm/vllm/nvidia/Llama-3.3-70B-Instruct-FP8/prefill.npz,h100_sxm,nvidia/Llama-3.3-70B-Instruct-FP8,vllm,0.10.1.1,4,1,1,128,128,8,4170,236.22024199999998,,,,,2206.6271526383416
prefill,/mnt/projects/dynamo/components/src/dynamo/planner/utils/pre_swept_results/h100_sxm/vllm/nvidia/Llama-3.3-70B-Instruct-FP8/prefill.npz,h100_sxm,nvidia/Llama-3.3-70B-Instruct-FP8,vllm,0.10.1.1,4,1,1,128,128,8,6205,355.996359,,,,,2178.744193279797
prefill,/mnt/projects/dynamo/components/src/dynamo/planner/utils/pre_swept_results/h100_sxm/vllm/nvidia/Llama-3.3-70B-Instruct-FP8/prefill.npz,h100_sxm,nvidia/Llama-3.3-70B-Instruct-FP8,vllm,0.10.1.1,4,1,1,128,128,8,8240,498.762074,,,,,2065.1129139381997
prefill,/mnt/projects/dynamo/components/src/dynamo/planner/utils/pre_swept_results/h100_sxm/vllm/nvidia/Llama-3.3-70B-Instruct-FP8/prefill.npz,h100_sxm,nvidia/Llama-3.3-70B-Instruct-FP8,vllm,0.10.1.1,4,1,1,128,128,8,10275,646.33145,,,,,1987.1770126612282
prefill,/mnt/projects/dynamo/components/src/dynamo/planner/utils/pre_swept_results/h100_sxm/vllm/nvidia/Llama-3.3-70B-Instruct-FP8/prefill.npz,h100_sxm,nvidia/Llama-3.3-70B-Instruct-FP8,vllm,0.10.1.1,4,1,1,128,128,8,12310,778.607711,,,,,1976.2840494139418
prefill,/mnt/projects/dynamo/components/src/dynamo/planner/utils/pre_swept_results/h100_sxm/vllm/nvidia/Llama-3.3-70B-Instruct-FP8/prefill.npz,h100_sxm,nvidia/Llama-3.3-70B-Instruct-FP8,vllm,0.10.1.1,4,1,1,128,128,8,14345,943.04748,,,,,1901.4153985120665
prefill,/mnt/projects/dynamo/components/src/dynamo/planner/utils/pre_swept_results/h100_sxm/vllm/nvidia/Llama-3.3-70B-Instruct-FP8/prefill.npz,h100_sxm,nvidia/Llama-3.3-70B-Instruct-FP8,vllm,0.10.1.1,4,1,1,128,128,8,16380,1132.696281,,,,,1807.6337270149472
prefill,/mnt/projects/dynamo/components/src/dynamo/planner/utils/pre_swept_results/h100_sxm/vllm/nvidia/Llama-3.3-70B-Instruct-FP8/prefill.npz,h100_sxm,nvidia/Llama-3.3-70B-Instruct-FP8,vllm,0.10.1.1,2,1,1,128,128,8,100,32.460879,,,,,385.0789129893864
prefill,/mnt/projects/dynamo/components/src/dynamo/planner/utils/pre_swept_results/h100_sxm/vllm/nvidia/Llama-3.3-70B-Instruct-FP8/prefill.npz,h100_sxm,nvidia/Llama-3.3-70B-Instruct-FP8,vllm,0.10.1.1,2,1,1,128,128,8,2135,208.30332099999998,,,,,1281.1845664236914
prefill,/mnt/projects/dynamo/components/src/dynamo/planner/utils/pre_swept_results/h100_sxm/vllm/nvidia/Llama-3.3-70B-Instruct-FP8/prefill.npz,h100_sxm,nvidia/Llama-3.3-70B-Instruct-FP8,vllm,0.10.1.1,2,1,1,128,128,8,4170,397.401345,,,,,1311.6462904774517
prefill,/mnt/projects/dynamo/components/src/dynamo/planner/utils/pre_swept_results/h100_sxm/vllm/nvidia/Llama-3.3-70B-Instruct-FP8/prefill.npz,h100_sxm,nvidia/Llama-3.3-70B-Instruct-FP8,vllm,0.10.1.1,2,1,1,128,128,8,6205,614.5096689999999,,,,,1262.1851845914568
prefill,/mnt/projects/dynamo/components/src/dynamo/planner/utils/pre_swept_results/h100_sxm/vllm/nvidia/Llama-3.3-70B-Instruct-FP8/prefill.npz,h100_sxm,nvidia/Llama-3.3-70B-Instruct-FP8,vllm,0.10.1.1,2,1,1,128,128,8,8240,832.271251,,,,,1237.577290771996
prefill,/mnt/projects/dynamo/components/src/dynamo/planner/utils/pre_swept_results/h100_sxm/vllm/nvidia/Llama-3.3-70B-Instruct-FP8/prefill.npz,h100_sxm,nvidia/Llama-3.3-70B-Instruct-FP8,vllm,0.10.1.1,2,1,1,128,128,8,10275,1095.707717,,,,,1172.1876008289535
prefill,/mnt/projects/dynamo/components/src/dynamo/planner/utils/pre_swept_results/h100_sxm/vllm/nvidia/Llama-3.3-70B-Instruct-FP8/prefill.npz,h100_sxm,nvidia/Llama-3.3-70B-Instruct-FP8,vllm,0.10.1.1,2,1,1,128,128,8,12310,1371.683395,,,,,1121.796768561159
prefill,/mnt/projects/dynamo/components/src/dynamo/planner/utils/pre_swept_results/h100_sxm/vllm/nvidia/Llama-3.3-70B-Instruct-FP8/prefill.npz,h100_sxm,nvidia/Llama-3.3-70B-Instruct-FP8,vllm,0.10.1.1,2,1,1,128,128,8,14345,1647.1411919999998,,,,,1088.6285940203725
prefill,/mnt/projects/dynamo/components/src/dynamo/planner/utils/pre_swept_results/h100_sxm/vllm/nvidia/Llama-3.3-70B-Instruct-FP8/prefill.npz,h100_sxm,nvidia/Llama-3.3-70B-Instruct-FP8,vllm,0.10.1.1,2,1,1,128,128,8,16380,1957.103563,,,,,1046.1888878590735
decode,/mnt/projects/dynamo/components/src/dynamo/planner/utils/pre_swept_results/h200_sxm/vllm/nvidia/Llama-3.1-8B-Instruct-FP8/decode.npz,h200_sxm,nvidia/Llama-3.1-8B-Instruct-FP8,vllm,0.10.1.1,1,1,1,128,128,8,,,0.00037035900485593565,350.0,945029,4.379871,226.91981992754495
decode,/mnt/projects/dynamo/components/src/dynamo/planner/utils/pre_swept_results/h200_sxm/vllm/nvidia/Llama-3.1-8B-Instruct-FP8/decode.npz,h200_sxm,nvidia/Llama-3.1-8B-Instruct-FP8,vllm,0.10.1.1,1,1,1,128,128,8,,,0.09740441827711108,350.0,945029,19.11118175665399,13423.748520247656
decode,/mnt/projects/dynamo/components/src/dynamo/planner/utils/pre_swept_results/h200_sxm/vllm/nvidia/Llama-3.1-8B-Instruct-FP8/decode.npz,h200_sxm,nvidia/Llama-3.1-8B-Instruct-FP8,vllm,0.10.1.1,1,1,1,128,128,8,,,0.19443847754936622,350.0,945029,31.072182466666664,16514.882310550725
decode,/mnt/projects/dynamo/components/src/dynamo/planner/utils/pre_swept_results/h200_sxm/vllm/nvidia/Llama-3.1-8B-Instruct-FP8/decode.npz,h200_sxm,nvidia/Llama-3.1-8B-Instruct-FP8,vllm,0.10.1.1,1,1,1,128,128,8,,,0.29147253682162133,350.0,945029,42.490164487928844,18079.310614031798
decode,/mnt/projects/dynamo/components/src/dynamo/planner/utils/pre_swept_results/h200_sxm/vllm/nvidia/Llama-3.1-8B-Instruct-FP8/decode.npz,h200_sxm,nvidia/Llama-3.1-8B-Instruct-FP8,vllm,0.10.1.1,1,1,1,128,128,8,,,0.3885065960938765,350.0,945029,46.64760561201144,19287.84212604141
decode,/mnt/projects/dynamo/components/src/dynamo/planner/utils/pre_swept_results/h200_sxm/vllm/nvidia/Llama-3.1-8B-Instruct-FP8/decode.npz,h200_sxm,nvidia/Llama-3.1-8B-Instruct-FP8,vllm,0.10.1.1,1,1,1,128,128,8,,,0.4855406553661316,350.0,945029,40.96429363157894,19235.073053261687
decode,/mnt/projects/dynamo/components/src/dynamo/planner/utils/pre_swept_results/h200_sxm/vllm/nvidia/Llama-3.1-8B-Instruct-FP8/decode.npz,h200_sxm,nvidia/Llama-3.1-8B-Instruct-FP8,vllm,0.10.1.1,1,1,1,128,128,8,,,0.5825747146383867,350.0,945029,42.5789509567705,18968.94591404177
decode,/mnt/projects/dynamo/components/src/dynamo/planner/utils/pre_swept_results/h200_sxm/vllm/nvidia/Llama-3.1-8B-Instruct-FP8/decode.npz,h200_sxm,nvidia/Llama-3.1-8B-Instruct-FP8,vllm,0.10.1.1,1,1,1,128,128,8,,,0.0031713312501521116,2997.0,945029,4.427375,223.73375762472148
decode,/mnt/projects/dynamo/components/src/dynamo/planner/utils/pre_swept_results/h200_sxm/vllm/nvidia/Llama-3.1-8B-Instruct-FP8/decode.npz,h200_sxm,nvidia/Llama-3.1-8B-Instruct-FP8,vllm,0.10.1.1,1,1,1,128,128,8,,,0.15539523125745347,2997.0,945029,9.937452489795918,4810.709246106577
decode,/mnt/projects/dynamo/components/src/dynamo/planner/utils/pre_swept_results/h200_sxm/vllm/nvidia/Llama-3.1-8B-Instruct-FP8/decode.npz,h200_sxm,nvidia/Llama-3.1-8B-Instruct-FP8,vllm,0.10.1.1,1,1,1,128,128,8,,,0.3076191312647548,2997.0,945029,15.479184278350514,6101.492570535862
decode,/mnt/projects/dynamo/components/src/dynamo/planner/utils/pre_swept_results/h200_sxm/vllm/nvidia/Llama-3.1-8B-Instruct-FP8/decode.npz,h200_sxm,nvidia/Llama-3.1-8B-Instruct-FP8,vllm,0.10.1.1,1,1,1,128,128,8,,,0.4598430312720562,2997.0,945029,22.128069820689653,6370.9079010954865
decode,/mnt/projects/dynamo/components/src/dynamo/planner/utils/pre_swept_results/h200_sxm/vllm/nvidia/Llama-3.1-8B-Instruct-FP8/decode.npz,h200_sxm,nvidia/Llama-3.1-8B-Instruct-FP8,vllm,0.10.1.1,1,1,1,128,128,8,,,0.6120669312793575,2997.0,945029,26.759189020725387,7039.813620722047
decode,/mnt/projects/dynamo/components/src/dynamo/planner/utils/pre_swept_results/h200_sxm/vllm/nvidia/Llama-3.1-8B-Instruct-FP8/decode.npz,h200_sxm,nvidia/Llama-3.1-8B-Instruct-FP8,vllm,0.10.1.1,1,1,1,128,128,8,,,0.764290831286659,2997.0,945029,31.796729746887966,7390.453588352128
decode,/mnt/projects/dynamo/components/src/dynamo/planner/utils/pre_swept_results/h200_sxm/vllm/nvidia/Llama-3.1-8B-Instruct-FP8/decode.npz,h200_sxm,nvidia/Llama-3.1-8B-Instruct-FP8,vllm,0.10.1.1,1,1,1,128,128,8,,,0.9165147312939603,2997.0,945029,41.70781893771626,6794.772011902521
decode,/mnt/projects/dynamo/components/src/dynamo/planner/utils/pre_swept_results/h200_sxm/vllm/nvidia/Llama-3.1-8B-Instruct-FP8/decode.npz,h200_sxm,nvidia/Llama-3.1-8B-Instruct-FP8,vllm,0.10.1.1,1,1,1,128,128,8,,,0.005972303495448287,5644.0,945029,4.510708,219.43118381881837
decode,/mnt/projects/dynamo/components/src/dynamo/planner/utils/pre_swept_results/h200_sxm/vllm/nvidia/Llama-3.1-8B-Instruct-FP8/decode.npz,h200_sxm,nvidia/Llama-3.1-8B-Instruct-FP8,vllm,0.10.1.1,1,1,1,128,128,8,,,0.16125219437710378,5644.0,945029,10.132151629629629,2605.570416157178
decode,/mnt/projects/dynamo/components/src/dynamo/planner/utils/pre_swept_results/h200_sxm/vllm/nvidia/Llama-3.1-8B-Instruct-FP8/decode.npz,h200_sxm,nvidia/Llama-3.1-8B-Instruct-FP8,vllm,0.10.1.1,1,1,1,128,128,8,,,0.31653208525875925,5644.0,945029,15.117307396226416,3430.089841788363
decode,/mnt/projects/dynamo/components/src/dynamo/planner/utils/pre_swept_results/h200_sxm/vllm/nvidia/Llama-3.1-8B-Instruct-FP8/decode.npz,h200_sxm,nvidia/Llama-3.1-8B-Instruct-FP8,vllm,0.10.1.1,1,1,1,128,128,8,,,0.47181197614041476,5644.0,945029,19.673641683544304,3925.713705802805
decode,/mnt/projects/dynamo/components/src/dynamo/planner/utils/pre_swept_results/h200_sxm/vllm/nvidia/Llama-3.1-8B-Instruct-FP8/decode.npz,h200_sxm,nvidia/Llama-3.1-8B-Instruct-FP8,vllm,0.10.1.1,1,1,1,128,128,8,,,0.6270918670220702,5644.0,945029,24.904545161904764,3916.505418192947
decode,/mnt/projects/dynamo/components/src/dynamo/planner/utils/pre_swept_results/h200_sxm/vllm/nvidia/Llama-3.1-8B-Instruct-FP8/decode.npz,h200_sxm,nvidia/Llama-3.1-8B-Instruct-FP8,vllm,0.10.1.1,1,1,1,128,128,8,,,0.7823717579037257,5644.0,945029,31.099773183206107,4115.850027855884
decode,/mnt/projects/dynamo/components/src/dynamo/planner/utils/pre_swept_results/h200_sxm/vllm/nvidia/Llama-3.1-8B-Instruct-FP8/decode.npz,h200_sxm,nvidia/Llama-3.1-8B-Instruct-FP8,vllm,0.10.1.1,1,1,1,128,128,8,,,0.9376516487853812,5644.0,945029,35.801679675159235,4288.916771454305
decode,/mnt/projects/dynamo/components/src/dynamo/planner/utils/pre_swept_results/h200_sxm/vllm/nvidia/Llama-3.1-8B-Instruct-FP8/decode.npz,h200_sxm,nvidia/Llama-3.1-8B-Instruct-FP8,vllm,0.10.1.1,1,1,1,128,128,8,,,0.008773275740744465,8291.0,945029,4.62219,212.98408218901562
decode,/mnt/projects/dynamo/components/src/dynamo/planner/utils/pre_swept_results/h200_sxm/vllm/nvidia/Llama-3.1-8B-Instruct-FP8/decode.npz,h200_sxm,nvidia/Llama-3.1-8B-Instruct-FP8,vllm,0.10.1.1,1,1,1,128,128,8,,,0.16669223907414482,8291.0,945029,11.729051894736841,1593.9717381591634
decode,/mnt/projects/dynamo/components/src/dynamo/planner/utils/pre_swept_results/h200_sxm/vllm/nvidia/Llama-3.1-8B-Instruct-FP8/decode.npz,h200_sxm,nvidia/Llama-3.1-8B-Instruct-FP8,vllm,0.10.1.1,1,1,1,128,128,8,,,0.32461120240754515,8291.0,945029,15.582186216216215,2329.535084774753
decode,/mnt/projects/dynamo/components/src/dynamo/planner/utils/pre_swept_results/h200_sxm/vllm/nvidia/Llama-3.1-8B-Instruct-FP8/decode.npz,h200_sxm,nvidia/Llama-3.1-8B-Instruct-FP8,vllm,0.10.1.1,1,1,1,128,128,8,,,0.48253016574094554,8291.0,945029,19.833740600000002,2717.720340917486
decode,/mnt/projects/dynamo/components/src/dynamo/planner/utils/pre_swept_results/h200_sxm/vllm/nvidia/Llama-3.1-8B-Instruct-FP8/decode.npz,h200_sxm,nvidia/Llama-3.1-8B-Instruct-FP8,vllm,0.10.1.1,1,1,1,128,128,8,,,0.6404491290743458,8291.0,945029,24.870425616438354,2858.783274430121
decode,/mnt/projects/dynamo/components/src/dynamo/planner/utils/pre_swept_results/h200_sxm/vllm/nvidia/Llama-3.1-8B-Instruct-FP8/decode.npz,h200_sxm,nvidia/Llama-3.1-8B-Instruct-FP8,vllm,0.10.1.1,1,1,1,128,128,8,,,0.7983680924077462,8291.0,945029,29.298203912087914,3033.449706767518
decode,/mnt/projects/dynamo/components/src/dynamo/planner/utils/pre_swept_results/h200_sxm/vllm/nvidia/Llama-3.1-8B-Instruct-FP8/decode.npz,h200_sxm,nvidia/Llama-3.1-8B-Instruct-FP8,vllm,0.10.1.1,1,1,1,128,128,8,,,0.9562870557411466,8291.0,945029,33.719929467889905,3156.5757340805076
decode,/mnt/projects/dynamo/components/src/dynamo/planner/utils/pre_swept_results/h200_sxm/vllm/nvidia/Llama-3.1-8B-Instruct-FP8/decode.npz,h200_sxm,nvidia/Llama-3.1-8B-Instruct-FP8,vllm,0.10.1.1,1,1,1,128,128,8,,,0.01157424798604064,10938.0,945029,4.695279,209.24935558494948
decode,/mnt/projects/dynamo/components/src/dynamo/planner/utils/pre_swept_results/h200_sxm/vllm/nvidia/Llama-3.1-8B-Instruct-FP8/decode.npz,h200_sxm,nvidia/Llama-3.1-8B-Instruct-FP8,vllm,0.10.1.1,1,1,1,128,128,8,,,0.1736137197906096,10938.0,945029,9.734253666666666,1512.9746979591607
decode,/mnt/projects/dynamo/components/src/dynamo/planner/utils/pre_swept_results/h200_sxm/vllm/nvidia/Llama-3.1-8B-Instruct-FP8/decode.npz,h200_sxm,nvidia/Llama-3.1-8B-Instruct-FP8,vllm,0.10.1.1,1,1,1,128,128,8,,,0.33565319159517853,10938.0,945029,14.924635310344827,1906.6730271444906
decode,/mnt/projects/dynamo/components/src/dynamo/planner/utils/pre_swept_results/h200_sxm/vllm/nvidia/Llama-3.1-8B-Instruct-FP8/decode.npz,h200_sxm,nvidia/Llama-3.1-8B-Instruct-FP8,vllm,0.10.1.1,1,1,1,128,128,8,,,0.49769266339974755,10938.0,945029,19.46881944186046,2162.415666639324
decode,/mnt/projects/dynamo/components/src/dynamo/planner/utils/pre_swept_results/h200_sxm/vllm/nvidia/Llama-3.1-8B-Instruct-FP8/decode.npz,h200_sxm,nvidia/Llama-3.1-8B-Instruct-FP8,vllm,0.10.1.1,1,1,1,128,128,8,,,0.6597321352043165,10938.0,945029,24.701011631578947,2256.6565634748804
decode,/mnt/projects/dynamo/components/src/dynamo/planner/utils/pre_swept_results/h200_sxm/vllm/nvidia/Llama-3.1-8B-Instruct-FP8/decode.npz,h200_sxm,nvidia/Llama-3.1-8B-Instruct-FP8,vllm,0.10.1.1,1,1,1,128,128,8,,,0.8217716070088854,10938.0,945029,30.769545112676056,2260.8883711988933
decode,/mnt/projects/dynamo/components/src/dynamo/planner/utils/pre_swept_results/h200_sxm/vllm/nvidia/Llama-3.1-8B-Instruct-FP8/decode.npz,h200_sxm,nvidia/Llama-3.1-8B-Instruct-FP8,vllm,0.10.1.1,1,1,1,128,128,8,,,0.014375220231336815,13585.0,945029,4.826461999999999,203.47373267856605
decode,/mnt/projects/dynamo/components/src/dynamo/planner/utils/pre_swept_results/h200_sxm/vllm/nvidia/Llama-3.1-8B-Instruct-FP8/decode.npz,h200_sxm,nvidia/Llama-3.1-8B-Instruct-FP8,vllm,0.10.1.1,1,1,1,128,128,8,,,0.1725026427760418,13585.0,945029,9.840720416666665,1191.375229550207
decode,/mnt/projects/dynamo/components/src/dynamo/planner/utils/pre_swept_results/h200_sxm/vllm/nvidia/Llama-3.1-8B-Instruct-FP8/decode.npz,h200_sxm,nvidia/Llama-3.1-8B-Instruct-FP8,vllm,0.10.1.1,1,1,1,128,128,8,,,0.3306300653207468,13585.0,945029,15.793616391304347,1432.0766692665604
decode,/mnt/projects/dynamo/components/src/dynamo/planner/utils/pre_swept_results/h200_sxm/vllm/nvidia/Llama-3.1-8B-Instruct-FP8/decode.npz,h200_sxm,nvidia/Llama-3.1-8B-Instruct-FP8,vllm,0.10.1.1,1,1,1,128,128,8,,,0.48875748786545176,13585.0,945029,21.68088458823529,1541.5665298692074
decode,/mnt/projects/dynamo/components/src/dynamo/planner/utils/pre_swept_results/h200_sxm/vllm/nvidia/Llama-3.1-8B-Instruct-FP8/decode.npz,h200_sxm,nvidia/Llama-3.1-8B-Instruct-FP8,vllm,0.10.1.1,1,1,1,128,128,8,,,0.6468849104101567,13585.0,945029,23.540571155555554,1873.2920146192719
decode,/mnt/projects/dynamo/components/src/dynamo/planner/utils/pre_swept_results/h200_sxm/vllm/nvidia/Llama-3.1-8B-Instruct-FP8/decode.npz,h200_sxm,nvidia/Llama-3.1-8B-Instruct-FP8,vllm,0.10.1.1,1,1,1,128,128,8,,,0.8050123329548617,13585.0,945029,29.33894519642857,1868.8856287526507
decode,/mnt/projects/dynamo/components/src/dynamo/planner/utils/pre_swept_results/h200_sxm/vllm/nvidia/Llama-3.1-8B-Instruct-FP8/decode.npz,h200_sxm,nvidia/Llama-3.1-8B-Instruct-FP8,vllm,0.10.1.1,1,1,1,128,128,8,,,0.9631397554995667,13585.0,945029,36.16897458208955,1758.2197145433702
prefill,/mnt/projects/dynamo/components/src/dynamo/planner/utils/pre_swept_results/h200_sxm/vllm/nvidia/Llama-3.1-8B-Instruct-FP8/prefill.npz,h200_sxm,nvidia/Llama-3.1-8B-Instruct-FP8,vllm,0.10.1.1,1,1,1,128,128,8,100,19.525209,,,,,5121.58410186544
prefill,/mnt/projects/dynamo/components/src/dynamo/planner/utils/pre_swept_results/h200_sxm/vllm/nvidia/Llama-3.1-8B-Instruct-FP8/prefill.npz,h200_sxm,nvidia/Llama-3.1-8B-Instruct-FP8,vllm,0.10.1.1,1,1,1,128,128,8,1117,38.494130999999996,,,,,29017.410472261345
prefill,/mnt/projects/dynamo/components/src/dynamo/planner/utils/pre_swept_results/h200_sxm/vllm/nvidia/Llama-3.1-8B-Instruct-FP8/prefill.npz,h200_sxm,nvidia/Llama-3.1-8B-Instruct-FP8,vllm,0.10.1.1,1,1,1,128,128,8,2134,49.968438,,,,,42706.958340382786
prefill,/mnt/projects/dynamo/components/src/dynamo/planner/utils/pre_swept_results/h200_sxm/vllm/nvidia/Llama-3.1-8B-Instruct-FP8/prefill.npz,h200_sxm,nvidia/Llama-3.1-8B-Instruct-FP8,vllm,0.10.1.1,1,1,1,128,128,8,3151,63.214755,,,,,49845.95764074385
prefill,/mnt/projects/dynamo/components/src/dynamo/planner/utils/pre_swept_results/h200_sxm/vllm/nvidia/Llama-3.1-8B-Instruct-FP8/prefill.npz,h200_sxm,nvidia/Llama-3.1-8B-Instruct-FP8,vllm,0.10.1.1,1,1,1,128,128,8,4168,87.34202599999999,,,,,47720.44101656172
prefill,/mnt/projects/dynamo/components/src/dynamo/planner/utils/pre_swept_results/h200_sxm/vllm/nvidia/Llama-3.1-8B-Instruct-FP8/prefill.npz,h200_sxm,nvidia/Llama-3.1-8B-Instruct-FP8,vllm,0.10.1.1,1,1,1,128,128,8,5185,104.89360099999999,,,,,49431.04203277377
prefill,/mnt/projects/dynamo/components/src/dynamo/planner/utils/pre_swept_results/h200_sxm/vllm/nvidia/Llama-3.1-8B-Instruct-FP8/prefill.npz,h200_sxm,nvidia/Llama-3.1-8B-Instruct-FP8,vllm,0.10.1.1,1,1,1,128,128,8,6202,123.23749199999999,,,,,50325.59409761439
prefill,/mnt/projects/dynamo/components/src/dynamo/planner/utils/pre_swept_results/h200_sxm/vllm/nvidia/Llama-3.1-8B-Instruct-FP8/prefill.npz,h200_sxm,nvidia/Llama-3.1-8B-Instruct-FP8,vllm,0.10.1.1,1,1,1,128,128,8,7219,143.294598,,,,,50378.730955370695
prefill,/mnt/projects/dynamo/components/src/dynamo/planner/utils/pre_swept_results/h200_sxm/vllm/nvidia/Llama-3.1-8B-Instruct-FP8/prefill.npz,h200_sxm,nvidia/Llama-3.1-8B-Instruct-FP8,vllm,0.10.1.1,1,1,1,128,128,8,8236,171.02919,,,,,48155.522457891544
prefill,/mnt/projects/dynamo/components/src/dynamo/planner/utils/pre_swept_results/h200_sxm/vllm/nvidia/Llama-3.1-8B-Instruct-FP8/prefill.npz,h200_sxm,nvidia/Llama-3.1-8B-Instruct-FP8,vllm,0.10.1.1,1,1,1,128,128,8,9253,194.531656,,,,,47565.52321746544
prefill,/mnt/projects/dynamo/components/src/dynamo/planner/utils/pre_swept_results/h200_sxm/vllm/nvidia/Llama-3.1-8B-Instruct-FP8/prefill.npz,h200_sxm,nvidia/Llama-3.1-8B-Instruct-FP8,vllm,0.10.1.1,1,1,1,128,128,8,10270,232.072859,,,,,44253.34373115988
prefill,/mnt/projects/dynamo/components/src/dynamo/planner/utils/pre_swept_results/h200_sxm/vllm/nvidia/Llama-3.1-8B-Instruct-FP8/prefill.npz,h200_sxm,nvidia/Llama-3.1-8B-Instruct-FP8,vllm,0.10.1.1,1,1,1,128,128,8,11287,240.383785,,,,,46954.082198181546
prefill,/mnt/projects/dynamo/components/src/dynamo/planner/utils/pre_swept_results/h200_sxm/vllm/nvidia/Llama-3.1-8B-Instruct-FP8/prefill.npz,h200_sxm,nvidia/Llama-3.1-8B-Instruct-FP8,vllm,0.10.1.1,1,1,1,128,128,8,12304,262.460011,,,,,46879.52253419664
prefill,/mnt/projects/dynamo/components/src/dynamo/planner/utils/pre_swept_results/h200_sxm/vllm/nvidia/Llama-3.1-8B-Instruct-FP8/prefill.npz,h200_sxm,nvidia/Llama-3.1-8B-Instruct-FP8,vllm,0.10.1.1,1,1,1,128,128,8,13321,296.154925,,,,,44979.83614488262
prefill,/mnt/projects/dynamo/components/src/dynamo/planner/utils/pre_swept_results/h200_sxm/vllm/nvidia/Llama-3.1-8B-Instruct-FP8/prefill.npz,h200_sxm,nvidia/Llama-3.1-8B-Instruct-FP8,vllm,0.10.1.1,1,1,1,128,128,8,14338,313.340214,,,,,45758.569629367776
prefill,/mnt/projects/dynamo/components/src/dynamo/planner/utils/pre_swept_results/h200_sxm/vllm/nvidia/Llama-3.1-8B-Instruct-FP8/prefill.npz,h200_sxm,nvidia/Llama-3.1-8B-Instruct-FP8,vllm,0.10.1.1,1,1,1,128,128,8,15355,354.0895,,,,,43364.74252978414
prefill,/mnt/projects/dynamo/components/src/dynamo/planner/utils/pre_swept_results/h200_sxm/vllm/nvidia/Llama-3.1-8B-Instruct-FP8/prefill.npz,h200_sxm,nvidia/Llama-3.1-8B-Instruct-FP8,vllm,0.10.1.1,1,1,1,128,128,8,16372,375.482618,,,,,43602.55099744724
decode,/mnt/projects/dynamo/tests/planner/profiling_results/H200_TP1P_TP1D/selected_decode_interpolation/raw_data.npz,h200,,,,,,,,,,,,0.00037035900485593565,350.0,945029,4.379871,226.91981992754495
decode,/mnt/projects/dynamo/tests/planner/profiling_results/H200_TP1P_TP1D/selected_decode_interpolation/raw_data.npz,h200,,,,,,,,,,,,0.09740441827711108,350.0,945029,19.11118175665399,13423.748520247656
decode,/mnt/projects/dynamo/tests/planner/profiling_results/H200_TP1P_TP1D/selected_decode_interpolation/raw_data.npz,h200,,,,,,,,,,,,0.19443847754936622,350.0,945029,31.072182466666664,16514.882310550725
decode,/mnt/projects/dynamo/tests/planner/profiling_results/H200_TP1P_TP1D/selected_decode_interpolation/raw_data.npz,h200,,,,,,,,,,,,0.29147253682162133,350.0,945029,42.490164487928844,18079.310614031798
decode,/mnt/projects/dynamo/tests/planner/profiling_results/H200_TP1P_TP1D/selected_decode_interpolation/raw_data.npz,h200,,,,,,,,,,,,0.3885065960938765,350.0,945029,46.64760561201144,19287.84212604141
decode,/mnt/projects/dynamo/tests/planner/profiling_results/H200_TP1P_TP1D/selected_decode_interpolation/raw_data.npz,h200,,,,,,,,,,,,0.4855406553661316,350.0,945029,40.96429363157894,19235.073053261687
decode,/mnt/projects/dynamo/tests/planner/profiling_results/H200_TP1P_TP1D/selected_decode_interpolation/raw_data.npz,h200,,,,,,,,,,,,0.5825747146383867,350.0,945029,42.5789509567705,18968.94591404177
decode,/mnt/projects/dynamo/tests/planner/profiling_results/H200_TP1P_TP1D/selected_decode_interpolation/raw_data.npz,h200,,,,,,,,,,,,0.0031713312501521116,2997.0,945029,4.427375,223.73375762472148
decode,/mnt/projects/dynamo/tests/planner/profiling_results/H200_TP1P_TP1D/selected_decode_interpolation/raw_data.npz,h200,,,,,,,,,,,,0.15539523125745347,2997.0,945029,9.937452489795918,4810.709246106577
decode,/mnt/projects/dynamo/tests/planner/profiling_results/H200_TP1P_TP1D/selected_decode_interpolation/raw_data.npz,h200,,,,,,,,,,,,0.3076191312647548,2997.0,945029,15.479184278350514,6101.492570535862
decode,/mnt/projects/dynamo/tests/planner/profiling_results/H200_TP1P_TP1D/selected_decode_interpolation/raw_data.npz,h200,,,,,,,,,,,,0.4598430312720562,2997.0,945029,22.128069820689653,6370.9079010954865
decode,/mnt/projects/dynamo/tests/planner/profiling_results/H200_TP1P_TP1D/selected_decode_interpolation/raw_data.npz,h200,,,,,,,,,,,,0.6120669312793575,2997.0,945029,26.759189020725387,7039.813620722047
decode,/mnt/projects/dynamo/tests/planner/profiling_results/H200_TP1P_TP1D/selected_decode_interpolation/raw_data.npz,h200,,,,,,,,,,,,0.764290831286659,2997.0,945029,31.796729746887966,7390.453588352128
decode,/mnt/projects/dynamo/tests/planner/profiling_results/H200_TP1P_TP1D/selected_decode_interpolation/raw_data.npz,h200,,,,,,,,,,,,0.9165147312939603,2997.0,945029,41.70781893771626,6794.772011902521
decode,/mnt/projects/dynamo/tests/planner/profiling_results/H200_TP1P_TP1D/selected_decode_interpolation/raw_data.npz,h200,,,,,,,,,,,,0.005972303495448287,5644.0,945029,4.510708,219.43118381881837
decode,/mnt/projects/dynamo/tests/planner/profiling_results/H200_TP1P_TP1D/selected_decode_interpolation/raw_data.npz,h200,,,,,,,,,,,,0.16125219437710378,5644.0,945029,10.132151629629629,2605.570416157178
decode,/mnt/projects/dynamo/tests/planner/profiling_results/H200_TP1P_TP1D/selected_decode_interpolation/raw_data.npz,h200,,,,,,,,,,,,0.31653208525875925,5644.0,945029,15.117307396226416,3430.089841788363
decode,/mnt/projects/dynamo/tests/planner/profiling_results/H200_TP1P_TP1D/selected_decode_interpolation/raw_data.npz,h200,,,,,,,,,,,,0.47181197614041476,5644.0,945029,19.673641683544304,3925.713705802805
decode,/mnt/projects/dynamo/tests/planner/profiling_results/H200_TP1P_TP1D/selected_decode_interpolation/raw_data.npz,h200,,,,,,,,,,,,0.6270918670220702,5644.0,945029,24.904545161904764,3916.505418192947
decode,/mnt/projects/dynamo/tests/planner/profiling_results/H200_TP1P_TP1D/selected_decode_interpolation/raw_data.npz,h200,,,,,,,,,,,,0.7823717579037257,5644.0,945029,31.099773183206107,4115.850027855884
decode,/mnt/projects/dynamo/tests/planner/profiling_results/H200_TP1P_TP1D/selected_decode_interpolation/raw_data.npz,h200,,,,,,,,,,,,0.9376516487853812,5644.0,945029,35.801679675159235,4288.916771454305
decode,/mnt/projects/dynamo/tests/planner/profiling_results/H200_TP1P_TP1D/selected_decode_interpolation/raw_data.npz,h200,,,,,,,,,,,,0.008773275740744465,8291.0,945029,4.62219,212.98408218901562
decode,/mnt/projects/dynamo/tests/planner/profiling_results/H200_TP1P_TP1D/selected_decode_interpolation/raw_data.npz,h200,,,,,,,,,,,,0.16669223907414482,8291.0,945029,11.729051894736841,1593.9717381591634
decode,/mnt/projects/dynamo/tests/planner/profiling_results/H200_TP1P_TP1D/selected_decode_interpolation/raw_data.npz,h200,,,,,,,,,,,,0.32461120240754515,8291.0,945029,15.582186216216215,2329.535084774753
decode,/mnt/projects/dynamo/tests/planner/profiling_results/H200_TP1P_TP1D/selected_decode_interpolation/raw_data.npz,h200,,,,,,,,,,,,0.48253016574094554,8291.0,945029,19.833740600000002,2717.720340917486
decode,/mnt/projects/dynamo/tests/planner/profiling_results/H200_TP1P_TP1D/selected_decode_interpolation/raw_data.npz,h200,,,,,,,,,,,,0.6404491290743458,8291.0,945029,24.870425616438354,2858.783274430121
decode,/mnt/projects/dynamo/tests/planner/profiling_results/H200_TP1P_TP1D/selected_decode_interpolation/raw_data.npz,h200,,,,,,,,,,,,0.7983680924077462,8291.0,945029,29.298203912087914,3033.449706767518
decode,/mnt/projects/dynamo/tests/planner/profiling_results/H200_TP1P_TP1D/selected_decode_interpolation/raw_data.npz,h200,,,,,,,,,,,,0.9562870557411466,8291.0,945029,33.719929467889905,3156.5757340805076
decode,/mnt/projects/dynamo/tests/planner/profiling_results/H200_TP1P_TP1D/selected_decode_interpolation/raw_data.npz,h200,,,,,,,,,,,,0.01157424798604064,10938.0,945029,4.695279,209.24935558494948
decode,/mnt/projects/dynamo/tests/planner/profiling_results/H200_TP1P_TP1D/selected_decode_interpolation/raw_data.npz,h200,,,,,,,,,,,,0.1736137197906096,10938.0,945029,9.734253666666666,1512.9746979591607
decode,/mnt/projects/dynamo/tests/planner/profiling_results/H200_TP1P_TP1D/selected_decode_interpolation/raw_data.npz,h200,,,,,,,,,,,,0.33565319159517853,10938.0,945029,14.924635310344827,1906.6730271444906
decode,/mnt/projects/dynamo/tests/planner/profiling_results/H200_TP1P_TP1D/selected_decode_interpolation/raw_data.npz,h200,,,,,,,,,,,,0.49769266339974755,10938.0,945029,19.46881944186046,2162.415666639324
decode,/mnt/projects/dynamo/tests/planner/profiling_results/H200_TP1P_TP1D/selected_decode_interpolation/raw_data.npz,h200,,,,,,,,,,,,0.6597321352043165,10938.0,945029,24.701011631578947,2256.6565634748804
decode,/mnt/projects/dynamo/tests/planner/profiling_results/H200_TP1P_TP1D/selected_decode_interpolation/raw_data.npz,h200,,,,,,,,,,,,0.8217716070088854,10938.0,945029,30.769545112676056,2260.8883711988933
decode,/mnt/projects/dynamo/tests/planner/profiling_results/H200_TP1P_TP1D/selected_decode_interpolation/raw_data.npz,h200,,,,,,,,,,,,0.014375220231336815,13585.0,945029,4.826461999999999,203.47373267856605
decode,/mnt/projects/dynamo/tests/planner/profiling_results/H200_TP1P_TP1D/selected_decode_interpolation/raw_data.npz,h200,,,,,,,,,,,,0.1725026427760418,13585.0,945029,9.840720416666665,1191.375229550207
decode,/mnt/projects/dynamo/tests/planner/profiling_results/H200_TP1P_TP1D/selected_decode_interpolation/raw_data.npz,h200,,,,,,,,,,,,0.3306300653207468,13585.0,945029,15.793616391304347,1432.0766692665604
decode,/mnt/projects/dynamo/tests/planner/profiling_results/H200_TP1P_TP1D/selected_decode_interpolation/raw_data.npz,h200,,,,,,,,,,,,0.48875748786545176,13585.0,945029,21.68088458823529,1541.5665298692074
decode,/mnt/projects/dynamo/tests/planner/profiling_results/H200_TP1P_TP1D/selected_decode_interpolation/raw_data.npz,h200,,,,,,,,,,,,0.6468849104101567,13585.0,945029,23.540571155555554,1873.2920146192719
decode,/mnt/projects/dynamo/tests/planner/profiling_results/H200_TP1P_TP1D/selected_decode_interpolation/raw_data.npz,h200,,,,,,,,,,,,0.8050123329548617,13585.0,945029,29.33894519642857,1868.8856287526507
decode,/mnt/projects/dynamo/tests/planner/profiling_results/H200_TP1P_TP1D/selected_decode_interpolation/raw_data.npz,h200,,,,,,,,,,,,0.9631397554995667,13585.0,945029,36.16897458208955,1758.2197145433702
prefill,/mnt/projects/dynamo/tests/planner/profiling_results/H200_TP1P_TP1D/selected_prefill_interpolation/raw_data.npz,h200,,,,,,,,,,100,19.525209,,,,,5121.58410186544
prefill,/mnt/projects/dynamo/tests/planner/profiling_results/H200_TP1P_TP1D/selected_prefill_interpolation/raw_data.npz,h200,,,,,,,,,,1117,38.494130999999996,,,,,29017.410472261345
prefill,/mnt/projects/dynamo/tests/planner/profiling_results/H200_TP1P_TP1D/selected_prefill_interpolation/raw_data.npz,h200,,,,,,,,,,2134,49.968438,,,,,42706.958340382786
prefill,/mnt/projects/dynamo/tests/planner/profiling_results/H200_TP1P_TP1D/selected_prefill_interpolation/raw_data.npz,h200,,,,,,,,,,3151,63.214755,,,,,49845.95764074385
prefill,/mnt/projects/dynamo/tests/planner/profiling_results/H200_TP1P_TP1D/selected_prefill_interpolation/raw_data.npz,h200,,,,,,,,,,4168,87.34202599999999,,,,,47720.44101656172
prefill,/mnt/projects/dynamo/tests/planner/profiling_results/H200_TP1P_TP1D/selected_prefill_interpolation/raw_data.npz,h200,,,,,,,,,,5185,104.89360099999999,,,,,49431.04203277377
prefill,/mnt/projects/dynamo/tests/planner/profiling_results/H200_TP1P_TP1D/selected_prefill_interpolation/raw_data.npz,h200,,,,,,,,,,6202,123.23749199999999,,,,,50325.59409761439
prefill,/mnt/projects/dynamo/tests/planner/profiling_results/H200_TP1P_TP1D/selected_prefill_interpolation/raw_data.npz,h200,,,,,,,,,,7219,143.294598,,,,,50378.730955370695
prefill,/mnt/projects/dynamo/tests/planner/profiling_results/H200_TP1P_TP1D/selected_prefill_interpolation/raw_data.npz,h200,,,,,,,,,,8236,171.02919,,,,,48155.522457891544
prefill,/mnt/projects/dynamo/tests/planner/profiling_results/H200_TP1P_TP1D/selected_prefill_interpolation/raw_data.npz,h200,,,,,,,,,,9253,194.531656,,,,,47565.52321746544
prefill,/mnt/projects/dynamo/tests/planner/profiling_results/H200_TP1P_TP1D/selected_prefill_interpolation/raw_data.npz,h200,,,,,,,,,,10270,232.072859,,,,,44253.34373115988
prefill,/mnt/projects/dynamo/tests/planner/profiling_results/H200_TP1P_TP1D/selected_prefill_interpolation/raw_data.npz,h200,,,,,,,,,,11287,240.383785,,,,,46954.082198181546
prefill,/mnt/projects/dynamo/tests/planner/profiling_results/H200_TP1P_TP1D/selected_prefill_interpolation/raw_data.npz,h200,,,,,,,,,,12304,262.460011,,,,,46879.52253419664
prefill,/mnt/projects/dynamo/tests/planner/profiling_results/H200_TP1P_TP1D/selected_prefill_interpolation/raw_data.npz,h200,,,,,,,,,,13321,296.154925,,,,,44979.83614488262
prefill,/mnt/projects/dynamo/tests/planner/profiling_results/H200_TP1P_TP1D/selected_prefill_interpolation/raw_data.npz,h200,,,,,,,,,,14338,313.340214,,,,,45758.569629367776
prefill,/mnt/projects/dynamo/tests/planner/profiling_results/H200_TP1P_TP1D/selected_prefill_interpolation/raw_data.npz,h200,,,,,,,,,,15355,354.0895,,,,,43364.74252978414
prefill,/mnt/projects/dynamo/tests/planner/profiling_results/H200_TP1P_TP1D/selected_prefill_interpolation/raw_data.npz,h200,,,,,,,,,,16372,375.482618,,,,,43602.55099744724
